{"_timestamp":1.7591414869462337e+09,"initial_vehicles":370,"actor_grad_norm":28.52265167236328,"test_rebalancing_cost":485.21999999999997,"critic_grad_norm":13.489280700683594,"critic_loss":6.559032917022705,"vehicle_discrepancy":59,"test_served_demand":1213.8,"_step":37,"episode":36,"episode_served_demand":1120,"test_reward":18391.360970252757,"_wandb":{"runtime":52},"actor_loss":-16.537864685058594,"total_vehicles":311,"_runtime":52,"episode_reward":11157.378951249431,"episode_waiting_time":0.3339285714285714,"episode_rebalancing_cost":855}