{"episode":1,"agent0/rejected_demand":146,"vehicles/agent1_total":187,"agent0/total_revenue":133.85118129290638,"agent0/episode_rebalancing_cost":265.20000000000005,"agent1/episode_waiting_time":0,"agent0/critic_grad_norm":10.617219924926758,"vehicles/agent0_total":187,"agent1/critic_grad_norm":19.806005477905273,"combined/total_rebalancing_cost":564,"agent0/episode_waiting_time":0,"vehicles/initial":374,"_runtime":48,"agent0/episode_reward":-274.1488187070936,"agent1/total_operating_cost":130.79999999999998,"combined/total_reward":-569.8362170841544,"agent1/episode_reward":-295.6873983770609,"agent1/rejected_demand":146,"agent1/critic_loss":1.2869837284088135,"vehicles/combined_total":374,"agent1/actor_grad_norm":17.838272094726562,"_wandb":{"runtime":48},"agent0/critic_loss":1.619484305381775,"agent1/episode_served_demand":55,"agent0/actor_loss":23.985458374023438,"agent1/episode_rebalancing_cost":298.8,"agent0/actor_grad_norm":25.05530548095703,"agent1/total_revenue":133.91260162293912,"agent0/episode_served_demand":59,"vehicles/discrepancy":0,"_step":0,"combined/total_served_demand":114,"_timestamp":1.7599594257621057e+09,"agent0/total_operating_cost":142.8,"agent1/actor_loss":10.02692699432373}