{"episode":18000,"episode_reward":21151.44004216195,"critic_grad_norm":1.4752134084701538,"initial_vehicles":370,"actor_grad_norm":1.6097133159637451,"test_served_demand":1139.6,"vehicle_discrepancy":0,"episode_served_demand":1122,"episode_rebalancing_cost":642,"test_rebalancing_cost":612.5400000000002,"_wandb":{"runtime":83059},"test_reward":21938.611825286156,"_timestamp":1.7592270824691212e+09,"total_vehicles":370,"_runtime":83059,"episode_waiting_time":0.22370766488413546,"critic_loss":0.035832080990076065,"actor_loss":5.393057346343994,"_step":18179}