{"actor_loss_agent1":111.74812316894531,"episode_rebalancing_cost_agent2":312.6000000000001,"episode_served_rate_agent2":0.2681067344345616,"episode_served_rate_agent1":0.28081321473951715,"episode_reward_total":4822.69540770375,"total_vehicles":133,"critic_loss_agent1":5.381229877471924,"vehicle_discrepancy":237,"_step":32,"episode":33,"episode_waiting_time_agent1":0.2579185520361991,"_wandb":{"runtime":485},"critic_grad_norm_agent2":65.19869232177734,"episode_reward_agent1":2358.8518562718277,"_timestamp":1.7597383549162033e+09,"episode_reward_agent2":2463.8435514319217,"episode_served_rate_total":0.5489199491740788,"critic_loss_agent2":4.808902263641357,"actor_grad_norm_agent2":41.9196662902832,"episode_rebalancing_cost_total":582.0000000000001,"total_arrivals":1574,"initial_vehicles":370,"episode_served_demand_total":864,"episode_served_demand_agent1":442,"episode_waiting_time_agent2":0.20853080568720378,"_runtime":485,"actor_loss_agent2":70.42262268066406,"critic_grad_norm_agent1":98.96492004394531,"actor_grad_norm_agent1":80.37012481689453,"episode_rebalancing_cost_agent1":269.40000000000003,"episode_served_demand_agent2":422}