{"critic_grad_norm":97.70796203613281,"episode":5,"actor_loss":-7.630548000335693,"episode_waiting_time":0.03431372549019608,"_runtime":2,"critic_loss":3.8309266567230225,"_step":4,"vehicle_discrepancy":0,"episode_served_demand":204,"episode_rebalancing_cost":0,"episode_reward":1851.5738180031997,"_timestamp":1.759736691936809e+09,"total_vehicles":370,"actor_grad_norm":49.64738845825195,"initial_vehicles":370,"_wandb":{"runtime":2}}