{"agent0/actor_loss":-73.4549331665039,"agent0/total_revenue":1821.2164090870538,"agent1/episode_reward":-594.2509607892484,"combined/total_rebalancing_cost":1600.2000000000003,"vehicles/agent1_total":187,"vehicles/initial":374,"agent0/actor_grad_norm":39.63127136230469,"agent1/critic_grad_norm":108.01416015625,"combined/total_served_demand":679,"_runtime":275,"combined/total_reward":-323.4345517021949,"agent0/episode_reward":270.81640908705356,"agent0/episode_rebalancing_cost":606.6,"agent0/episode_waiting_time":0.2850356294536817,"agent1/rejected_demand":360,"agent1/actor_grad_norm":63.224178314208984,"agent0/rejected_demand":360,"agent1/episode_served_demand":258,"agent1/critic_loss":8.605107307434082,"_timestamp":1.7599210449614947e+09,"agent0/episode_served_demand":421,"agent1/total_revenue":976.5490392107517,"agent1/episode_rebalancing_cost":993.6000000000001,"agent1/episode_waiting_time":0.32558139534883723,"agent1/actor_loss":-115.60542297363281,"episode":10,"agent0/critic_loss":10.032931327819824,"vehicles/agent0_total":187,"agent0/total_operating_cost":943.8000000000001,"_wandb":{"runtime":275},"agent1/total_operating_cost":577.1999999999999,"agent0/critic_grad_norm":45.45441818237305,"_step":9,"vehicles/combined_total":374,"vehicles/discrepancy":0}