{"agent1/actor_loss":-49.18293762207031,"combined/total_rebalancing_cost":885.0000000000002,"vehicles/agent1_total":187,"agent1/episode_rebalancing_cost":372.00000000000006,"_step":12026,"episode":12027,"agent1/rejected_demand":183,"agent0/critic_loss":1.4957882165908813,"agent1/critic_loss":0.6861808896064758,"agent1/actor_grad_norm":29.105419158935547,"agent1/total_operating_cost":1237.8,"agent1/episode_reward":1919.022846204042,"vehicles/agent0_total":187,"agent0/episode_waiting_time":0.12574850299401197,"vehicles/initial":374,"vehicles/combined_total":374,"agent1/critic_grad_norm":20.81504249572754,"agent0/episode_rebalancing_cost":513.0000000000001,"agent1/total_revenue":3528.8228462040433,"agent0/episode_served_demand":334,"agent0/actor_loss":-42.27111053466797,"agent0/total_revenue":2321.4746689140793,"agent0/actor_grad_norm":16.23445701599121,"combined/total_reward":3016.4975151181216,"agent0/critic_grad_norm":37.297935485839844,"agent1/episode_served_demand":565,"vehicles/discrepancy":0,"_wandb":{"runtime":35748},"agent0/rejected_demand":183,"_runtime":35748,"_timestamp":1.7599583888248692e+09,"agent1/episode_waiting_time":0.4725663716814159,"agent0/episode_reward":1097.4746689140798,"combined/total_served_demand":899,"agent0/total_operating_cost":710.9999999999999}