{"vehicles/combined_total":374,"agent1/episode_reward":-350.29984050314596,"agent0/total_revenue":2195.5830485948363,"agent1/episode_waiting_time":0.05829596412556054,"_runtime":147,"agent0/actor_loss":-84.42503356933594,"combined/total_served_demand":618,"agent0/critic_loss":9.57681655883789,"agent1/actor_grad_norm":50.73160171508789,"agent1/rejected_demand":470,"agent0/actor_grad_norm":75.3266372680664,"agent0/episode_served_demand":395,"agent0/episode_reward":638.5830485948359,"agent1/critic_grad_norm":106.27322387695312,"agent0/rejected_demand":470,"_step":9,"vehicles/agent1_total":187,"agent1/total_operating_cost":489,"agent1/total_revenue":1069.3001594968541,"vehicles/discrepancy":0,"episode":10,"agent0/critic_grad_norm":144.85086059570312,"combined/total_reward":288.2832080916899,"_wandb":{"runtime":147},"_timestamp":1.7598440872600245e+09,"vehicles/initial":374,"agent1/episode_rebalancing_cost":930.6000000000001,"agent0/episode_rebalancing_cost":699.0000000000001,"agent0/total_operating_cost":858,"agent1/episode_served_demand":223,"vehicles/agent0_total":187,"agent1/critic_loss":8.343175888061523,"agent0/episode_waiting_time":0.37468354430379747,"agent1/actor_loss":140.29470825195312,"combined/total_rebalancing_cost":1629.6000000000004}