{"episode_rebalancing_cost":0,"actor_loss":-0.6956534385681152,"initial_vehicles":370,"_wandb":{"runtime":1},"_timestamp":1.7591424007016366e+09,"critic_loss":8.785775184631348,"test_reward":13661.43084285498,"critic_grad_norm":39.59568405151367,"episode_waiting_time":0.45085995085995084,"episode":0,"_step":1,"_runtime":1,"actor_grad_norm":62.55691909790039,"test_rebalancing_cost":0,"test_served_demand":846.2,"vehicle_discrepancy":30,"episode_served_demand":814,"total_vehicles":340,"episode_reward":8003.992405683194}