{"episode_served_demand_agent2":501,"actor_loss_agent1":-20.754554748535156,"episode_served_demand_total":1039,"episode_waiting_time_agent2":0.3852295409181637,"episode_waiting_time_agent1":0.4163568773234201,"vehicle_discrepancy":10,"episode_reward_agent1":3279.9791864842173,"episode_rebalancing_cost_agent2":232.20000000000002,"critic_grad_norm_agent1":6.377211570739746,"actor_grad_norm_agent1":9.960482597351074,"episode_served_demand_agent1":538,"total_arrivals":2276,"total_vehicles":360,"critic_grad_norm_agent2":11.408763885498047,"episode":8000,"_wandb":{"runtime":23372},"_runtime":23372,"episode_reward_agent2":2974.227356429398,"_timestamp":1.7597625761409853e+09,"episode_served_rate_total":0.45650263620386644,"episode_reward_total":6254.206542913615,"_step":7999,"episode_served_rate_agent1":0.23637961335676624,"critic_loss_agent1":0.2809421420097351,"episode_served_rate_agent2":0.22012302284710017,"actor_grad_norm_agent2":20.093564987182617,"actor_loss_agent2":-35.617393493652344,"initial_vehicles":370,"episode_rebalancing_cost_agent1":219.60000000000002,"episode_rebalancing_cost_total":451.80000000000007,"critic_loss_agent2":0.40047380328178406}