{"total_vehicles":370,"critic_loss":4.335845470428467,"_timestamp":1.759143025884649e+09,"episode_reward":8590.873457884953,"test_rebalancing_cost":494.21999999999997,"_step":100,"actor_grad_norm":36.691524505615234,"vehicle_discrepancy":0,"initial_vehicles":370,"critic_grad_norm":38.31541442871094,"_wandb":{"runtime":105},"episode_served_demand":1033,"episode_waiting_time":0.4743465634075508,"test_served_demand":1219.2,"test_reward":17923.37859452725,"actor_loss":-36.06999969482422,"episode":99,"episode_rebalancing_cost":1182.6000000000006,"_runtime":105}