{"combined/total_served_demand":655,"agent1/rejected_demand":468,"agent0/rejected_demand":468,"combined/total_reward":985.3394097323526,"agent1/actor_grad_norm":84.37739562988281,"agent1/episode_rebalancing_cost":855.6000000000001,"agent0/critic_loss":6.965118885040283,"vehicles/initial":374,"agent1/critic_loss":7.957544326782227,"agent0/total_revenue":2141.938835559413,"agent1/actor_loss":8.400139808654785,"agent0/total_operating_cost":741.5999999999998,"agent0/actor_grad_norm":68.57306671142578,"combined/total_rebalancing_cost":1620.6000000000001,"agent1/critic_grad_norm":14.790072441101074,"agent1/total_operating_cost":657.6,"agent1/episode_waiting_time":0.20588235294117646,"vehicles/combined_total":374,"vehicles/agent1_total":187,"agent0/episode_rebalancing_cost":765,"vehicles/discrepancy":0,"vehicles/agent0_total":187,"agent0/episode_served_demand":349,"agent1/episode_reward":350.0005741729399,"agent0/episode_waiting_time":0.25787965616045844,"_runtime":1569,"agent1/episode_served_demand":306,"_step":99,"_wandb":{"runtime":1569},"_timestamp":1.7599172621658428e+09,"agent0/episode_reward":635.3388355594127,"agent1/total_revenue":1863.2005741729402,"agent0/actor_loss":116.85462188720703,"agent0/critic_grad_norm":79.32296752929688,"episode":100}