{"agent1/episode_served_demand":65,"agent0/total_revenue":5884.822093981506,"agent1/total_revenue":413.90000000000003,"combined/total_reward":4079.9220939815027,"agent0/episode_rebalancing_cost":311.4000000000001,"vehicles/initial":374,"agent1/actor_grad_norm":10.486964225769043,"vehicles/combined_total":374,"vehicles/agent0_total":187,"agent0/actor_loss":23.758220672607422,"agent1/actor_loss":312.84381103515625,"agent0/episode_reward":4326.022093981503,"agent1/episode_waiting_time":0,"_runtime":50835,"vehicles/discrepancy":0,"_wandb":{"runtime":50835},"episode":24000,"agent0/critic_grad_norm":3.860468864440918,"_timestamp":1.7600091628030794e+09,"agent0/critic_loss":0.07233913987874985,"agent1/episode_rebalancing_cost":517.1999999999999,"agent0/rejected_demand":457,"agent1/critic_loss":0.9714128375053406,"agent0/actor_grad_norm":4.449829578399658,"agent0/episode_served_demand":618,"_step":23999,"agent0/episode_waiting_time":0.4935275080906149,"agent1/rejected_demand":457,"agent1/total_operating_cost":142.80000000000007,"agent1/episode_reward":-246.10000000000008,"agent0/total_operating_cost":1247.3999999999999,"agent1/critic_grad_norm":32.814048767089844,"vehicles/agent1_total":187,"combined/total_rebalancing_cost":828.6,"combined/total_served_demand":683}