{"_runtime":1,"vehicle_discrepancy":0,"_timestamp":1.7591427660877662e+09,"actor_loss":7.535856246948242,"initial_vehicles":370,"_wandb":{"runtime":1},"episode":0,"_step":1,"episode_served_demand":890,"episode_waiting_time":0.3853932584269663,"episode_rebalancing_cost":0,"test_reward":14097.193062784674,"episode_reward":8155.918687553466,"critic_loss":9.159523963928223,"test_served_demand":845.9,"actor_grad_norm":54.43898391723633,"test_rebalancing_cost":0,"total_vehicles":370,"critic_grad_norm":61.81063461303711}