{"vehicles/initial":370,"agent0/actor_loss":79.47541809082031,"agent1/total_revenue":1729.6190688077832,"agent1/rejected_demand":528,"vehicles/combined_total":740,"agent0/total_revenue":1229.007378519373,"combined/total_reward":-2827.7735526728443,"vehicles/discrepancy":370,"_runtime":15,"combined/total_served_demand":653,"agent1/critic_loss":7.777376174926758,"vehicles/agent1_total":370,"agent0/episode_waiting_time":0.08333333333333333,"agent0/critic_grad_norm":76.76902770996094,"_timestamp":1.759840762848245e+09,"agent0/total_operating_cost":780.6,"agent0/episode_served_demand":348,"_wandb":{"runtime":15},"agent1/episode_served_demand":305,"episode":1,"agent1/episode_reward":-1109.5809311922178,"agent1/actor_grad_norm":48.63609313964844,"agent0/episode_reward":-1718.1926214806265,"agent1/total_operating_cost":686.3999999999997,"agent1/episode_waiting_time":0.08196721311475409,"vehicles/agent0_total":370,"agent1/actor_loss":-2.2834672927856445,"agent0/actor_grad_norm":75.095947265625,"agent1/episode_rebalancing_cost":2152.7999999999997,"_step":0,"combined/total_rebalancing_cost":4319.4,"agent0/episode_rebalancing_cost":2166.6,"agent0/critic_loss":9.014470100402832,"agent0/rejected_demand":528,"agent1/critic_grad_norm":37.29920196533203}