{"episode_served_demand_agent2":194,"_timestamp":1.759738547237854e+09,"_wandb":{"runtime":30},"episode_waiting_time_agent2":0.13917525773195877,"episode_served_rate_agent2":0.2493573264781491,"actor_loss_agent1":48.71013641357422,"actor_grad_norm_agent1":42.59595489501953,"episode_served_rate_agent1":0.2390745501285347,"episode_reward_total":2522.810117709636,"vehicle_discrepancy":10,"episode_served_rate_total":0.4884318766066838,"episode_served_demand_agent1":186,"_step":4,"_runtime":30,"critic_loss_agent1":4.029037952423096,"total_arrivals":778,"episode_rebalancing_cost_agent2":192.60000000000002,"episode_reward_agent2":1940.4292603106232,"episode_rebalancing_cost_total":418.20000000000005,"total_vehicles":360,"critic_grad_norm_agent2":79.3635025024414,"episode_reward_agent1":582.3808573990127,"episode_served_demand_total":380,"critic_grad_norm_agent1":74.28624725341797,"episode_rebalancing_cost_agent1":225.60000000000005,"initial_vehicles":370,"critic_loss_agent2":5.4244232177734375,"episode":5,"episode_waiting_time_agent1":0.20430107526881722,"actor_grad_norm_agent2":79.72985076904297,"actor_loss_agent2":109.94327545166016}