{"episode_served_demand_agent2":101,"initial_vehicles":370,"episode_reward_agent1":612.3391079664232,"episode_waiting_time_agent1":0,"actor_grad_norm_agent2":5.8194193840026855,"total_vehicles":168,"episode_reward_agent2":832.1473685048519,"_timestamp":1.7597369065097027e+09,"actor_grad_norm_agent1":28.67311668395996,"episode_rebalancing_cost_agent2":118.2,"critic_grad_norm_agent1":43.85361862182617,"episode_served_demand_agent1":74,"critic_grad_norm_agent2":10.342079162597656,"_runtime":24,"_wandb":{"runtime":24},"episode_rebalancing_cost_agent1":154.20000000000002,"episode_waiting_time_agent2":0.2079207920792079,"vehicle_discrepancy":202,"episode_served_demand_total":175,"_step":4,"episode":5,"episode_reward_total":1444.4864764712752}