{"initial_vehicles":370,"vehicle_discrepancy":135,"actor_grad_norm_agent1":10.15203857421875,"episode_reward_total":1643.1715521864594,"_runtime":1,"episode_served_demand_agent1":101,"episode_reward_agent1":913.0325072437524,"episode_waiting_time_agent1":0.039603960396039604,"total_vehicles":235,"_timestamp":1.7597368272669034e+09,"critic_grad_norm_agent1":8.799308776855469,"episode":5,"episode_waiting_time_agent2":0,"critic_grad_norm_agent2":64.80550384521484,"_step":4,"episode_reward_agent2":730.139044942707,"episode_served_demand_total":183,"actor_grad_norm_agent2":49.110008239746094,"episode_rebalancing_cost_agent1":0,"episode_rebalancing_cost_agent2":0,"episode_served_demand_agent2":82,"_wandb":{"runtime":1}}