{"total_vehicles":246,"_runtime":1,"_step":4,"episode_rebalancing_cost_agent1":0,"_wandb":{"runtime":1},"_timestamp":1.759736769763886e+09,"episode":5,"episode_rebalancing_cost_agent2":0,"episode_served_demand_agent1":83,"episode_reward_agent1":719.4447201713919,"episode_reward_total":1541.8870008058848,"episode_reward_agent2":822.4422806344928,"actor_grad_norm_agent2":29.75960922241211,"vehicle_discrepancy":124,"episode_served_demand_total":174,"episode_served_demand_agent2":91,"critic_grad_norm_agent1":8.105589866638184,"episode_waiting_time_agent1":0.012048192771084338,"actor_grad_norm_agent1":42.709625244140625,"episode_waiting_time_agent2":0.03296703296703297,"critic_grad_norm_agent2":5.339226722717285,"initial_vehicles":370}