{"combined/total_served_demand":707,"agent1/total_revenue":2039.7733862683178,"agent0/episode_waiting_time":0.3035294117647059,"agent1/total_operating_cost":590.4,"agent1/episode_served_demand":282,"agent1/critic_grad_norm":18.679161071777344,"agent0/total_operating_cost":965.9999999999999,"_wandb":{"runtime":857},"vehicles/discrepancy":0,"agent1/actor_loss":71.94571685791016,"_step":363,"agent0/actor_loss":-17.123188018798828,"vehicles/agent1_total":187,"combined/total_reward":1287.6702408897684,"agent0/episode_reward":540.8968546214511,"agent0/critic_grad_norm":17.869417190551758,"agent1/episode_rebalancing_cost":702.6000000000004,"agent0/critic_loss":5.366748332977295,"agent1/actor_grad_norm":52.827880859375,"vehicles/combined_total":374,"agent1/critic_loss":6.3050384521484375,"vehicles/initial":374,"agent1/episode_waiting_time":0.16312056737588654,"agent0/total_revenue":2083.496854621451,"_timestamp":1.759922676971797e+09,"agent0/episode_served_demand":425,"_runtime":857,"agent0/rejected_demand":405,"agent0/actor_grad_norm":66.54603576660156,"vehicles/agent0_total":187,"episode":364,"combined/total_rebalancing_cost":1279.2000000000003,"agent0/episode_rebalancing_cost":576.6,"agent1/rejected_demand":405,"agent1/episode_reward":746.7733862683173}