{"total_vehicles":336,"episode_reward":8557.4548449548,"_timestamp":1.7591426037957788e+09,"vehicle_discrepancy":34,"episode_rebalancing_cost":0,"critic_loss":11.688133239746094,"_step":1,"actor_grad_norm":67.81035614013672,"test_reward":14666.405557292699,"_runtime":1,"actor_loss":-4.604048728942871,"_wandb":{"runtime":1},"critic_grad_norm":128.94483947753906,"episode_served_demand":817,"episode":0,"test_rebalancing_cost":0,"test_served_demand":842.8,"initial_vehicles":370,"episode_waiting_time":0.43451652386780903}