{"total_vehicles":195,"actor_grad_norm":16.482284545898438,"test_served_demand":1216.5,"_timestamp":1.7591409926055841e+09,"vehicle_discrepancy":175,"critic_grad_norm":27.484460830688477,"episode_reward":13486.56016699821,"test_reward":18125.726931099303,"actor_loss":19.890043258666992,"test_rebalancing_cost":486.66,"episode_served_demand":956,"_runtime":118,"episode":99,"episode_waiting_time":0.3158995815899582,"episode_rebalancing_cost":1029,"initial_vehicles":370,"_wandb":{"runtime":118},"_step":100,"critic_loss":2.425752639770508}