{"critic_grad_norm":33.448280334472656,"episode_waiting_time":0.5290492957746479,"episode":10,"episode_served_demand":1136,"_step":10,"actor_loss":51.86964416503906,"test_reward":19012.586153620483,"actor_grad_norm":44.80926513671875,"_wandb":{"runtime":19},"test_rebalancing_cost":484.2000000000001,"initial_vehicles":370,"_timestamp":1.759143209914219e+09,"critic_loss":6.678305625915527,"episode_reward":10960.085939459132,"vehicle_discrepancy":0,"episode_rebalancing_cost":896.3999999999999,"test_served_demand":1215.5,"_runtime":19,"total_vehicles":370}