{"total_vehicles":370,"_step":1,"_timestamp":1.7591426686435568e+09,"test_rebalancing_cost":0,"episode_rebalancing_cost":0,"initial_vehicles":370,"episode_served_demand":817,"_runtime":1,"actor_grad_norm":85.95321655273438,"episode_waiting_time":0.4675642594859241,"episode_reward":7517.586403043801,"actor_loss":8.875895500183105,"critic_grad_norm":34.83029556274414,"_wandb":{"runtime":1},"episode":0,"test_reward":13806.686698236468,"test_served_demand":846.1,"critic_loss":7.739350318908691,"vehicle_discrepancy":0}